product_id,name,description,category,brand,price
59258,iPhone 16 Pro Max 256GB | Chính hãng VN/A,"Hiện nay Apple cũng đã cho ra mắt mẫu iPhone 17 Pro với thiết kế nhỏ gọn, màu mới kèm pin trâu. Ngoài dòng Pro Max bạn đang theo dõi, cùng khám phá xem ngay để có nên mua ngay không nhé!",Điện thoại,Apple,34990000.0
99687,Xiaomi 15T 5G 12GB 512GB,"Xiaomi 15T chính thức ra mắt tại thị trường Việt Nam. Với nhiều thay đổi tích cực về hiệu năng, màn hình, thời lượng pin. Đặt biệt là khả năng chụp ảnh, mang đến nhiều chế độ chụp và quay phim chuyên nghiệp. Cùng mức giá khá tốt và ưu đãi hấp dẫn. Xiaomi mới này xứng đáng là chiếc điện thoại đáng mua năm 2025.",Điện thoại,Xiaomi,14990000.0
112580,iPhone 17 256GB | Chính hãng,"Apple iPhone 17 thường sở hữu màn hình Super Retina XDR 6,3 inch ProMotion 120Hz, Ceramic Shield 2 trước chống trầy gấp ba lần, mang đến trải nghiệm mượt mà. Hệ thống camera kép 48MP Dual Fusion và camera trước 18MP Center Stage giúp chụp ảnh và quay video chất lượng. Thiết bị tích hợp chip A19 tiên tiến, tối ưu hiệu suất hoạt động và duy trì pin bền bỉ.",Điện thoại,Apple,24990000.0
43152,iPhone 15 128GB | Chính hãng VN/A,"iPhone 15 thường  được trang bị màn hình Dynamic Island 6.1 inch với công nghệ Super Retina XDR mang đến trải nghiệm hiển thị sống động vượt trội. iPhone 15 128GB sở hữu camera chính 48MP cùng khả năng zoom 2x giúp ghi lại mọi khoảnh khắc với chất lượng rõ nét. Cổng Type-C của ip15 thường giúp cải thiện kết nối, đồng thời đem lại tiện ích khi dùng.",Điện thoại,Apple,19990000.0
84109,Samsung Galaxy S25 Ultra 12GB 256GB,"Samsung Galaxy S25 Ultra mạnh mẽ với chip Snapdragon 8 Elite For Galaxy mới nhất, RAM 12GB và bộ nhớ trong 256GB-1TB. Hệ thống 3 camera sau chất lượng gồm camera chính 200MP, camera tele 50MP và camera góc siêu rộng 50MP. Thiết kế kính cường lực Corning Gorilla Armor 2 và khung viền Titanium, màn hình Dynamic AMOLED 6.9 inch. Điện thoại này còn có viên pin 5000mAh, hỗ trợ 5G và Galaxy AI ấn tượng, nâng cao trải nghiệm người dùng!",Điện thoại,Samsung,33380000.0
99770,Samsung Galaxy Z Fold7 12GB 256GB,Samsung Galaxy Z Fold 7 5G 12GB/256GB là điện thoại gập siêu mỏng mới nhất của Samsung. Đang có ưu đãi đến 16 triệu đồng. Nổi bật camera 200MP và chip Snapdragon 8 Elite 3nm tích hợp AI mạnh mẽ. One UI 8 tối ưu cá nhân hóa. Giá chỉ từ 37.990.000đ cho bản 256GB. Cập nhật ngày 04/10/2025,Điện thoại,Samsung,46990000.0
76443,Xiaomi 14T Pro 12GB 512GB,,Điện thoại,Xiaomi,17670000.0
59254,iPhone 16 128GB | Chính hãng VN/A,"iPhone 16 bản thường 128GB sở hữu thiết kế khung nhôm, mặt lưng kính pha màu cùng với 5 màu sắc bắt mắt để lựa chọn. Máy với trọng lượng 170g cùng kích thước màn hình 6.1 inch Super Retina XDR, dải màu P3. Với cấu hình từ chip A18 Bionic mới, điện thoại iPhone mới này mang lại hiệu năng ổn định, đáp ứng nhiều nhu cầu dùng.",Điện thoại,Apple,22990000.0
99688, Xiaomi 15T Pro 5G 12GB 512GB,"Xiaomi 15T Pro chính hãng đã chính thức ra mắt với nhiều nâng cấp vượt trội, có thể kể đến như hiệu năng, thời lượng pin và camera. Bên cạnh đó, nhiều tính năng Ai cũng được chú trọng tích hợp, mang đến người dùng nhiều trải nghiệm mới mẻ hơn. ",Điện thoại,Xiaomi,19490000.0
59257,iPhone 16 Pro 128GB | Chính hãng VN/A,"iPhone 16 Pro chính là thế hệ điện thoại tiếp theo được Apple cho ra mắt vào tháng 9/2024. Với những thay đổi đầy vượt bậc như: camera của chiếc iPhone 16 bản Pro có độ phân giải 48MP, camera Ultra Wide 48MP, camera Telephoto 5x 12MP, dung lượng bộ nhớ trong 128GB và chipset A18 Pro mạnh mẽ. Tất cả những điều trên biến chiếc điện thoại iPhone 16 trở thành một siêu phẩm công nghệ mới.",Điện thoại,Apple,28990000.0
112584,iPhone Air 256GB | Chính hãng,,Điện thoại,Apple,31990000.0
101619,iPad A16 Wifi 128GB 2025 | Chính hãng Apple Việt Nam,,Máy tính bảng,Apple,9990000.0
65920,Samsung Galaxy Z Flip6 12GB 256GB,"Samsung Z Flip 6 sở hữu nhiều nâng cấp ấn tượng nhờ được trang bị chip Snapdragon 8 Gen 3 for Galaxy, RAM 12GB, mang lại hiệu năng mạnh mẽ cho đa nhiệm và chơi game. Camera chính 50MP của máy giúp cải thiện khả năng quay chụp, đặc biệt trong môi trường thiếu sáng. Cùng với đó là pin 4.000mAh, hỗ trợ sạc nhanh 25W, giúp kéo dài thời gian sử dụng của người dùng.",Điện thoại,Samsung,28470000.0
67006,iPhone 15 Plus 128GB | Chính hãng VN/A,"iPhone 15 Plus được đánh giá cao bởi màn hình Dynamic Island 6.7 inch với mặt kính lưng pha màu ấn tượng, chip A16 Bionic mạnh mẽ cùng cổng sạc USB-C cho khả năng sạc đầy nhanh chóng. Ngoài ra, phiên bản Plus thuộc series iPhone 15 còn sở hữu 5 phiên bản màu pastel thanh lịch phù hợp với nhiều đối tượng khách hàng: hồng, vàng, xanh lá, xanh dương, đen. Xem thêm các thông tin hữu ích khác về điện thoại iPhone 15 Plus sau đây!",Điện thoại,Apple,22990000.0
96948,Nubia Neo 3 GT 12GB 256GB,,Điện thoại,Hãng khác,6990000.0
106050,OPPO Reno14 F 5G 8GB 256GB,,Điện thoại,OPPO,10490000.0
59293,Samsung Galaxy S24 Plus 12GB 256GB,,Điện thoại,Samsung,18650000.0
99769,Samsung Galaxy Z Flip7 12GB 256GB,"Samsung Galaxy Z Flip7 12GB 256GB là mẫu điện thoại gập dọc mỏng mới của Samsung. Giá tốt, ưu đãi đến 16.390.000 đồng. Với màn hình chính 6.9 inch FHD+, phụ 4.1 inch super AMOLED, tần số quét 120Hz, vi xử lý Exynos 2500 tiết kiệm điện, camera, dung lượng 4300 mAh - nhanh 25W - sạc không dây 2.0. Hứa hẹn mang đến trải nghiệm di động thông minh, phòng cách và đầy cá tính. Thông tin cập nhật ngày 04/10/2025",Điện thoại,Samsung,28990000.0
85242,Xiaomi Redmi Note 14 6GB 128GB,Redmi note 14 chính hãng ra mắt vào ngày 10/01/2025 tại Việt Nam sở hữu AI mới nhất kèm chip MediaTek Helio G99-Ultra mạnh mẽ đi cùng camera 108MP.,Điện thoại,Xiaomi,4900000.0
31495,iPhone 14 128GB  | Chính hãng VN/A,"iPhone 14 128GB sở hữu màn hình Retina XDR OLED kích thước 6.1 inch cùng độ sáng vượt trội lên đến 1200 nits. Máy cũng được trang bị camera kép 12 MP phía sau cùng cảm biến điểm ảnh lớn, đạt 1.9 micron giúp cải thiện khả năng chụp thiếu sáng. Mẫu iPhone 14 mới cũng mang trong mình con chip Apple A15 Bionic phiên bản 5 nhân mang lại hiệu suất vượt trội.",Điện thoại,Apple,14990000.0
99768,Samsung Galaxy A56 5G 8GB 128GB,"Điện thoại Samsung A56 5G sở hữu màn hình Super AMOLED 6,7 inch độ phân giải FHD+ và tần số quét 120 Hz, đem tới trải nghiệm xem sắc nét và mượt mà. Thiết bị trang bị chip Exynos 1580 tiến trình 4nm, giúp xử lý đa nhiệm nhanh chóng, tối ưu hiệu năng. Viên pin 5000mAh hỗ trợ sạc nhanh 45W cung cấp cho máy thời lượng sử dụng cả ngày dài mà không lo gián đoạn.",Điện thoại,Samsung,9810000.0
112586,iPhone 17 Pro 256GB | Chính hãng,"iPhone 17 Pro là sản phẩm thuộc bộ sưu tập mới nhất của thế hệ iPhone 17 series, điện thoại này được Apple trang bị đầy đủ những công nghệ thông minh hàng đầu từ màn hình, thiết kế, hiệu năng đến camera. ",Điện thoại,Apple,34990000.0
45053,iPhone 14 Pro Max 128GB | Chính hãng VN/A,"iPhone 14 Pro Max sở hữu chip xử lý A16 Bionic mạnh mẽ, bộ nhớ trong đa dạng từ 128GB, 256GB, 512GB đến 1TB, đi cùng màn hình 6.7 inch Super Retina XDR. Máy còn được trang bị camera chính 48MP cùng nhiều tính năng chụp ảnh chuyên nghiệp. Ngoài ra, thiết kế tinh tế với các màu sắc thời trang cũng giúp người dùng dễ lựa chọn. ",Điện thoại,Apple,29990000.0
36242,iPhone 13 128GB | Chính hãng VN/A,Thiết kế của dt iPhone 17 cũng được tinh chỉnh để tối ưu trải nghiệm cầm nắm khi quay chụp lâu. Sự kết hợp giữa vẻ ngoài sang trọng và sức mạnh phần cứng tạo nên một chiếc điện thoại vừa đẹp vừa thực dụng.,Điện thoại,Apple,13990000.0
84110,Samsung Galaxy S25 256GB,"Samsung S25 thường 256GB trang bị vi xử lý  Qualcomm Snapdragon 8 Elite for Galaxy  ,  RAM 12GB, bộ nhớ trong  256GB  cùng viên pin Li-ion 4000mAh. Máy sử dụng màn hình  AMOLED 120Hz  kích thước  6.2 inch  với độ phân giải FHD+. Samsung S25 được trang bị 3 ống kính  50MP+10MP+12MP  phía sau và  camera selfie 12MP  phía trước.",Điện thoại,Samsung,22580000.0
90116,iPhone 16 Pro Max 512GB | Chính hãng VN/A,"iPhone 16 Pro Max phiên bản bộ nhớ trong 512GB có màn hình lớn 6.9 inches chuẩn Super Retina XDR OLED hiển thị vượt trội cùng độ sáng tối đa đến 2000 nit. Máy với thiết kế mới với nút điều khiển camera, nút action cùng với màu titan sa mạc ấn tượng. Phần cứng điện thoại cũng được nâng cấp với chip A18 Pro cũng như camera hỗ trợ chụp zoom quang học 5x.",Điện thoại,Apple,40990000.0
68866,iPhone 15 256GB | Chính hãng VN/A,"iPhone 15 256GB được cải tiến vượt bậc về cấu hình nhờ được trang bị con chip A16 Bionic 2 lõi hiệu năng cho tốc độ nhanh chóng và tiết kiệm điện hơn. Camera với cảm biến chính 48MP cho chất lượng ảnh sắc nét đáng kinh ngạc. Máy sử dụng viên pin dung lượng lớn và hỗ trợ sạc nhanh 20W tiện lợi. Đặc biệt, Dynamic Island trên iPhone 14 Pro và Promax nay đã được trang bị trên iPhone 256GB bản tiêu chuẩn.",Điện thoại,Apple,22990000.0
100854,Nubia Neo 3 4G 8GB 128GB,,Điện thoại,Hãng khác,4490000.0
84111,Samsung Galaxy S25 FE 8GB 128GB,,Điện thoại,Samsung,16690000.0
101591,Meizu Lucky 08 5G 12GB 256GB,,Điện thoại,Hãng khác,6490000.0
90118,iPhone 16 Pro 256GB | Chính hãng VN/A,"iPhone 16 Pro đã thể hiện sức mạnh ấn tượng, nhưng iPhone 17 là lựa chọn nâng cấp với chip mới mang hiệu năng vượt trội. Máy xử lý nhanh hơn, đa nhiệm mượt mà và tiết kiệm pin hơn, đem lại trải nghiệm cải thiện rõ rệt.",Điện thoại,Apple,31990000.0
102428,Xiaomi Redmi Note 14 5G 8GB 256GB,"Điện thoại Xiaomi Redmi Note 14 5G là dòng smartphone tầm trung, với kích thước màn 6.67 inches, AMOLED tần số quét 120Hz, chất lượng hiển thị sắc nét. Chip Dimensity 7025 - Ultra 8 nhân, xung nhịp tối đa 2.5GHz tối ưu hiệu năng. Máy có camera cảm biến chính 108MP OIS, camera góc rộng 8MP giúp chụp ảnh sắc nét, chi tiết.",Điện thoại,Xiaomi,7160000.0
49568,Apple MacBook Air M2 2024 8CPU 8GPU 16GB 256GB I Chính hãng Apple Việt Nam,,Laptop,Apple,24990000.0
99364,Xiaomi POCO X7 Pro 5G 12GB 256GB - Chỉ có tại CellphoneS,"Điện thoại POCO X7 Pro tích hợp vi xử lý Dimensity 8400-Ultra MediaTek tốc độ đến 3.25GHz, kèm theo RAM LPDDR5X, bộ nhớ chuẩn UFS 4.0 và pin 6000mAh. Hơn thế nữa, chiếc điện thoại này còn nổi bật với màn hình 6.67 inch công nghệ AMOLED CrystalRes. Ngoài ra, máy được thiết kế cải thiện với tính kháng nước và bụi chuẩn IP68.",Điện thoại,Xiaomi,9990000.0
101832,MacBook Air M4 13 inch 2025 10CPU 8GPU 16GB 256GB | Chính hãng Apple Việt Nam,,Laptop,Apple,26990000.0
59255,iPhone 16 Plus 128GB | Chính hãng VN/A,"iPhone 16 Plus đã mang đến những khung hình chân thực, mượt mà cùng màu sắc sống động. Tuy nhiên, nếu muốn sở hữu một thiết bị với khả năng hiển thị vượt trội hơn, hãy tham khảo đến iPhone 17 ngay nhé!. ",Điện thoại,Apple,25990000.0
59294,Samsung Galaxy S24 Ultra 12GB 256GB,,Điện thoại,Samsung,29450000.0
109161,Samsung Galaxy A07 4GB 128GB,,Điện thoại,Samsung,3390000.0
91991,Xiaomi Redmi Note 14 Pro Plus 5G 8GB 256GB,"Điện thoại Xiaomi Redmi Note 14 Pro Plus 5G chính hãng ra mắt Việt Nam vào ngày 10/01/2025. Sử dụng chip Snapdragon 7s Gen 3 mạnh mẽ cùng dung lượng RAM 12GB và bộ nhớ trong đến 256GB. Mặt lưng của smartphone nhà Xiaomi sở hữu hệ thống 3 ống kính gồm 200MP, 8MP và 2MP. Điện thoại cũng có màn hình CrystalRes AMOLED 1.5K, kích thước 6.67 inch và viên pin 5110 mAh.",Điện thoại,Xiaomi,10800000.0
68859,iPhone 15 Plus 256GB | Chính hãng VN/A,,Điện thoại,Apple,25990000.0
109159,Samsung Galaxy A17 5G 8GB 128GB,"Samsung Galaxy A17 5G được trang bị chip Exynos 1330 tiên tiến cùng công nghệ kháng rung OIS, mang đến hiệu năng, chất lượng ảnh vượt trội. Thiết bị được trang bị pin 5000mAh và hỗ trợ sạc 25W, giúp duy trì hoạt động cả ngày dài. Dòng điện thoại mới này được giới thiệu với ba gam màu hiện đại, mang nét tinh tế và phù hợp xu hướng.",Điện thoại,Samsung,6190000.0
99767,Samsung Galaxy A36 5G 8GB 128GB,"Điện thoại Samsung A36 5G được trang bị chip Snapdragon® 6 Gen 3 Mobile Platform, RAM 8GB và bộ nhớ trong 128GB, kháng bụi, kháng nước đạt chuẩn IP67. Máy Samsung Galaxy A36 gồm 3 camera sau 50MP + 8MP + 5MP, camera trước 12MP, màn hình Super AMOLED 6.7 inch sắc nét độ phân giải FHD+. Máy sở hữu lớp kính Corning Gorilla Glass Victus+ ở màn hình và cả mặt lưng, kích thước sản phẩm 162.9 x 78.2 x 7.4mm.",Điện thoại,Samsung,8140000.0
101603,iPad Air 11 inch M3 Wifi 128GB 2025 | Chính hãng Apple Việt Nam,,Máy tính bảng,Apple,16990000.0
98769,OPPO FIND N5,,Điện thoại,OPPO,44990000.0
90112,iPhone 16 256GB | Chính hãng VN/A,"iPhone 16 256GB cho phép người dùng tải nhiều ứng dụng, phần mềm chỉnh sửa và trò chơi trong không gian lưu trữ rộng rãi. Bên cạnh đó thì người dùng cũng có thể lựa chọn iPhone 17 với dung lượng bộ nhớ trong cao hơn và chip xử lý mạnh mẽ. Dung lượng lớn còn giúp tối ưu trải nghiệm đồng bộ dữ liệu đa thiết bị trở nên mượt mà, ổn định.",Điện thoại,Apple,25990000.0
96795,Xiaomi Redmi Note 13 Pro 5G 8GB 256GB ,"Điện thoại Xiaomi Redmi Note 13 Pro 5G 8GB 256GB tích hợp chip Snapdragon 7s Gen 2 (8 nhân) mạnh mẽ, xử lý tác vụ mượt mà, thúc đẩy hiệu năng toàn diện. Camera chính 200 MP của Note 13 Pro cho phép ghi lại hình ảnh vô cùng sắc nét, mang đến trải nghiệm chụp ảnh chi tiết và sống động. Viên pin lớn 5100 mAh giúp Redmi Note 13 Pro hoạt động bền bỉ suốt cả ngày, giảm thiểu tình trạng sạc nhiều lần.",Điện thoại,Xiaomi,9300000.0
99738,Samsung Galaxy A26 5G 8GB 128GB,,Điện thoại,Samsung,6870000.0
90117,iPhone 16 Pro Max 1TB | Chính hãng VN/A,"Điện thoại iPhone 16 Pro Max bộ nhớ trong 1TB là phiên bản dung lượng cao nhất của phiên bản Pro Max. Với dung lượng bộ nhớ trong vượt trội này, người dùng có thể thỏa sức lưu trữ hình ảnh hay những video có độ phân giải lên đến 4K.",Điện thoại,Apple,46990000.0
51983,iPhone 14 256GB | Chính hãng VN/A,,Điện thoại,Apple,18990000.0
90114,iPhone 16 Plus 256GB | Chính hãng VN/A,,Điện thoại,Apple,28990000.0
98498,Samsung Galaxy S25 Ultra 512GB,,Điện thoại,Samsung,36810000.0
110953,Samsung Galaxy Tab S10 Lite Wifi 6GB 128GB,,Máy tính bảng,,8990000.0
108956,Máy tính bảng Lenovo Idea Tab Wifi 4GB 128GB ZAFR0484VN kèm bút,,Máy tính bảng,Lenovo,5790000.0
99715,ZTE Nubia Z60S Pro 12GB 256GB,,Điện thoại,Hãng khác,10000000.0
94083,MacBook Pro 14 M4 10CPU 10GPU 16GB 512GB | Chính hãng Apple Việt Nam,,Laptop,Apple,39990000.0
106045,OPPO Reno14 5G 12GB 256GB,,Điện thoại,OPPO,15990000.0
76439,Xiaomi 14T 12GB 512GB,"Xiaomi 14T 5G là phiên bản điện thoại cận cao cấp được Xiaomi trang bị chip Dimensity 8300 Ultra cùng 12GB RAM để mang tới hiệu suất ấn tượng. Mẫu điện thoại này còn được trang bị bộ 3 ống kính Leica thế hệ mới để nâng cao trải nghiệm nhiếp ảnh. Với màn hình Super AMOLED 6.67 inch sở hữu phần viền siêu mỏng cùng độ nét 1.5K, điện thoại Mi14T sẽ luôn mang tới chất lượng hình ảnh sắc nét, sống động.",Điện thoại,Xiaomi,13740000.0
108305,Samsung Galaxy Z Fold7 12GB 512GB,Xem thêm mẫu Samsung Galaxy Z Flip 7 12GB 512GB với thiết kế nhỏ gọn và mức giá vô cùng tốt.,Điện thoại,Samsung,50990000.0
112120,HONOR Pad X7 Wifi 4GB 64GB,,Máy tính bảng,HONOR,3290000.0
88453,Xiaomi 15 5G 12GB 256GB,"Xiaomi 15 sở hữu màn hình CrystalRes AMOLED 6.36 inch, độ phân giải 1200 x 2670 pixels, hỗ trợ 68 tỷ màu, công nghệ HDR10+ và tốc độ làm mới 120Hz. Máy sử dụng chip Qualcomm Snapdragon® 8 Elite siêu mạnh mẽ, RAM 12GB, bộ nhớ trong 256GB cùng pin 5240mAh. Bên cạnh đó, điện thoại Mi 15 còn hỗ trợ sạc nhanh 90W, camera sau gồm 3 ống kính 50MP, camera trước 32MP.",Điện thoại,Xiaomi,24540000.0
82067,Redmi Note 13 Pro 5G 12GB 512GB,"Redmi Note 13 Pro 5G được cung cấp sức mạnh bởi con chip Snapdragon 7s Gen 2 với cấu trúc 8 nhân kết hợp cùng dung lượng RAM 12GB và bộ nhớ trong 512GB. Màn hình của điện thoại có kích thước 6.67 inch, tần số quét 120Hz và tấm nền AMOLED 1220 x 2712 pixels. Smartphone mới của dòng Xiaomi Redmi Note 13 Series này có hệ thống 3 ống kính gồm 200MP, 8MP và 2MP. ",Điện thoại,Xiaomi,10780000.0
85280,OPPO Find X8 16GB 512GB,,Điện thoại,OPPO,22990000.0
77853,Nubia Neo 2 5G,"Nubia Neo 2 là một smartphone mạnh mẽ với chipset Unisoc T820 và bộ nhớ trong lên đến 256GB, cùng với RAM 8GB + 10GB RAM ảo để tối ưu hiệu suất. Máy sở hữu màn hình rộng 6.72 inch Full-HD+ sắc nét với camera chính có độ phân giải lên đến 50MP. Đặc biệt, viên pin dung lượng lớn 6.000 mAh, hỗ trợ sạc nhanh 33W giúp máy hoạt động lâu dài.",Điện thoại,Hãng khác,4990000.0
45060,iPad mini 7 2024 Wifi 128GB | Chính hãng Apple Việt Nam,,Máy tính bảng,Apple,13990000.0
111494,HONOR X9c 5G 12GB 256GB ,,Điện thoại,HONOR,9320000.0
81802,iPad Pro M4 11 inch Wifi 256GB | Chính hãng Apple Việt Nam,,Máy tính bảng,Apple,28990000.0
93788,Nothing Phone 2A Plus 5G 12GB 256GB - Chỉ có tại CellphoneS,,Điện thoại,Hãng khác,11490000.0
107718,Sony Xperia 1 VII 12GB 256GB,"Điện thoại Sony Xperia 1 VII sở hữu hiệu năng mạnh mẽ với chip Snapdragon 8 Elite, RAM 12GB và bộ nhớ trong 256GB mang đến trải nghiệm sử dụng mượt mà. Máy trang bị màn hình OLED FHD+ HDR kích thước 6.5 inch cùng tần số quét 120Hz. Hệ thống camera sau gồm 3 ống kính độ phân giải 52MP, 12MP và 50MP kết hợp cùng camera selfie 12MP. ",Điện thoại,Sony,34990000.0
101626,iPad A16 Wifi 256GB 2025 | Chính hãng Apple Việt Nam,,Máy tính bảng,Apple,12490000.0
112268,Samsung Galaxy Tab S11 Wifi 12GB 128GB,,Máy tính bảng,,20990000.0
108306,Samsung Galaxy Z Flip7 12GB 512GB,">>> Xem thêm mẫu điện thoại Samsung Galaxy Z Fold 7 12GB 512GB được ra mắt cùng Z Flip sở hữu màn hình to hơn, mỏng hơn cùng hàng loạt tính năng công nghệ mới.",Điện thoại,Samsung,32990000.0
88455,Xiaomi 15 Ultra 5G 16GB 512GB,"Xiaomi 15 Ultra 16GB 512GBtrang bị chip Snapdragon® 8 Elite mạnh mẽ và RAM lên đến  16GB, người dùng sẽ có trải nghiệm mượt mà và dung lượng lưu trữ 512GB.  Thiết bị này được nâng cấp nhờ trang bị ống kính tele có độ phân giải cao đến  200 megapixel. Viên pin lớn 5410 mAh, sẽ giúp nâng cao thời gian dùng điện thoại của người dùng. Đồng thời, Mi 15 Ultra trang bị tấm nền AMOLED, sẽ đem lại chất lượng hiển thị nổi bật và chi tiết về màu sắc.",Điện thoại,Xiaomi,34360000.0
100812,iPhone 16e 128GB | Chính hãng VN/A,"iPhone 16e được trang bị màn hình Super Retina XDR 6.1inch, độ phân giải 2532 x 1170 pixels, hỗ trợ hiển thị sắc nét và sống động trong từng khung hình. Máy đem tới hiệu suất mạnh mẽ cho mọi tác vụ nhờ sở hữu chip Apple A18 mới. Hệ thống camera kép Fusion 48MP kết hợp ống kính Telephoto 12MP 2x giúp người dùng ghi lại hình ảnh chi tiết.",Điện thoại,Apple,16990000.0
93958,Mac mini M4 2024 10CPU 10GPU 16GB 256GB | Chính hãng Apple Việt Nam,,Laptop,Apple,14990000.0
105724,Điện thoại Nubia Z70 Ultra 5G 12GB 256GB,,Điện thoại,Nubia,19990000.0
86838,Máy Tính Bảng Huawei Matepad 11.5''S 8GB 256GB Xám,"Huawei MatePad 11.5S là chiếc máy tính bảng mới ra mắt được trang bị chip Kirin 9000WL, dung lượng RAM 8GB cùng bộ nhớ trong 256GB. Máy sử dụng màn hình TFT LCD (paper mate) với kích thước 11.5 inch, độ sắc nét 2.8K (2800x1840px) và tốc độ làm mới 144Hz. Máy trang bị pin 8800mAh, có camera sau 13MP và trước 8MP. ",Máy tính bảng,Huawei,14490000.0
99686, Xiaomi 15 Ultra 5G 16GB 1TB ,,Điện thoại,Xiaomi,38250000.0
58612,OPPO Reno10 Pro+ 5G 12GB 256GB,>>> Xem thêm mẫu điện thoại OPP Reno10 để hiểu thêm về sự khác biệt của các dòng sản phẩm,Điện thoại,OPPO,13990000.0
99773,Tecno Pova 7 8GB 128GB,"Tecno Pova 7 là mẫu smartphone giá rẻ nổi bật trong phân khúc 4 triệu đồng với pin khủng 7000mAh, màn hình 120Hz siêu mượt và chip MediaTek G100 Ultimate hiệu năng ổn định. Với những trang bị này, đây là lựa chọn lý tưởng cho học sinh – sinh viên, người dùng cơ bản hoặc thích chơi game nhẹ lâu dài. Khám phá ngay Tecno Pova 7 chính hãng tại CellphoneS – Giá chỉ từ 4.090.000₫, hỗ trợ trả góp 0%.",Điện thoại,Hãng khác,4590000.0
111767,HONOR Magic V5,"Điện thoại Honor Magic V5 nổi bật với thiết kế siêu mỏng chỉ 4.4mm khi mở ra - là chiếc điện thoại mỏng nhất thế giới tại thời điểm lên kệ vào tháng 10/2025. Ngoài ra, siêu phẩm Honor Magic V5 lập ""cú đúp"" với loạt kỷ lục thế giới: điện thoại gập mỏng nhất, nhẹ nhất, điện thoại gập có dung lượng pin lớn nhất, pin có hàm lượng silicon cao nhất và điện thoại có thép bản lề cứng nhất.",Điện thoại,HONOR,44990000.0
106519,Xiaomi Redmi Pad 2 WiFi 6GB 128GB,"Máy tính bảng Xiaomi Redmi Pad 2 Wifi sở hữu màn hình 11 inch với độ phân giải 2560 x 1600 pixel, tần số quét 90Hz và cấu hình từ vi xử lý MediaTek Helio G100-Ultra. Máy có RAM 6GB cùng bộ nhớ trong 128GB, pin 9000mAh hỗ trợ sạc nhanh 18W. Redmi Pad2 Wifi có trọng lượng 510g, hỗ trợ Bluetooth 5.3, camera sau 8MP, camera trước 5MP.",Máy tính bảng,Xiaomi,5690000.0
84108,Samsung Galaxy S25 Plus 256GB,"Samsung S25 Plus được đánh giá cao về mặt  hiệu năng  nhờ sở hữu  chip Snapdragon 8 Elite  mạnh mẽ, mang lại khả năng xử lý vượt trội. Màn hình hiển thị  Dynamic AMOLED  của máy lớn  6.7 inch  với độ phân giải  QHD+, đảm bảo trải nghiệm hình ảnh sắc nét và sống động. Kèm theo đó là bộ nhớ  RAM 12GB  cùng tùy chọn lưu trữ  256GB  giúp người dùng thoải mái lưu trữ dữ liệu và chạy nhiều ứng dụng mượt mà.",Điện thoại,Samsung,26500000.0
84925,Huawei MatePad SE 11 inch 6GB 128GB,,Máy tính bảng,Huawei,5490000.0
69906,Samsung Galaxy Tab A9+ WIFI 4GB 64GB,,Máy tính bảng,Samsung,5890000.0
100855,Nubia Neo 3 5G 8GB 256GB,,Điện thoại,Hãng khác,5490000.0
88563,Samsung Galaxy A16 5G 8GB 128GB,Samsung A16 được trang bị màn hình Super AMOLED 6.7’’ Full HD+ mang đến không gian hiển thị sắc nét và sống động cho nhu cầu giải trí lẫn công việc. Chip MediaTek Dimensity 6300 tám nhân giúp thiết bị đáp ứng mượt mà các tác vụ hàng ngày. Cùng với đó là tiêu chuẩn IP54 mang tới sự yên tâm khi vận hành trong môi trường ẩm ướt hoặc nhiều bụi bẩn.,Điện thoại,Samsung,5980000.0
114043,Xiaomi 15 5G 12GB 512GB,,Điện thoại,Xiaomi,26500000.0
52306,iPhone 14 Plus 256GB | Chính hãng VN/A,,Điện thoại,Apple,22990000.0
101839,MacBook Air M4 13 inch 2025 10CPU 10GPU 16GB 512GB | Chính hãng Apple Việt Nam,,Laptop,Apple,31990000.0
112589,iPhone 17 Pro 512GB | Chính hãng,"iPhone 17 Pro 512GB sở hữu camera nâng cấp với khả năng chụp zoom 8x ấn tượng, camera trước 18MP Center Stage cùng khả năng căn chỉnh khung hình linh hoạt. Máy iPhone 17 Pro sở hữu chip A19 Pro tiên tiến, mang đến tốc độ xử lý nhanh nhạy và khả năng vận hành trơn tru. Màn hình OLED Super Retina XDR với tần số 120Hz cho hình ảnh sống động từng khung hình.",Điện thoại,Apple,41490000.0
93646,Samsung Galaxy A06 5G 4GB 128GB,"Theo thông tin mới nhất, Samsung A06 5G ra mắt Việt Nam vào tháng 03/2025.",Điện thoại,Samsung,3920000.0
105401,Điện thoại Nubia Z70S Ultra 5G 12GB 256GB,,Điện thoại,Hãng khác,20990000.0
88564,Samsung Galaxy A06 4GB 128GB,"Samsung Galaxy A06 có kích thước mỏng 167.3 x 77.3 x 8 mm, với khung nhựa cho trọng lượng siêu nhẹ chỉ 189g. Điện thoại Samsung A06 chạy chip MediaTek Helio G85 cùng RAM 4GB, bộ nhớ 128GB cho hiệu năng ổn định và mượt mà. Hệ thống camera chính 50MP, camera phụ 2MP được tăng cường AI giúp xử lý ảnh chụp cho khả năng chụp ảnh vượt trội. Dù mỏng nhẹ nhưng Samsung A06 vẫn sở hữu pin 5000mAh siêu trâu, hỗ trợ sạc nhanh 25W.",Điện thoại,Samsung,3430000.0
97704,Xiaomi Pad 7 8GB 128GB,Xiaomi Pad 7 là máy tính bảng sở hữu cấu hình từ chip Snapdragon 7+ Gen 3 cùng với CPU Adreno 732 giúp mang lại hiệu năng ổn định. Sản phẩm sở hữu tấm nền IPS LCD cùng tần số 144Hz tối ưu khả năng hiển thị. Bên cạnh đó máy tính bảng Xiaomi này còn tối ưu khả năng quay chụp với camera chính 13MP cùng và selfie 8MP. ,Máy tính bảng,Xiaomi,10300000.0
98517,Samsung Galaxy S25 512GB,,Điện thoại,Samsung,26010000.0
74613,Samsung Galaxy S24 FE 5G 8GB 128GB,,Điện thoại,Samsung,16690000.0
104395,MacBook Air M4 13 inch 2025 10CPU 8GPU 16GB 256GB Sạc 70W | Chính hãng Apple Việt Nam,,Laptop,Apple,27990000.0
82060,Xiaomi Redmi Note 13 Pro 8GB 256GB ,,Điện thoại,Xiaomi,7850000.0
101612,iPad Air 11 inch M3 Wifi 256GB 2025 | Chính hãng Apple Việt Nam,,Máy tính bảng,Apple,19490000.0
104604,Máy tính bảng Lenovo Tab Plus Wifi 8GB 256GB ZADX0130VN - Kèm bao da ,,Máy tính bảng,Lenovo,7990000.0
100909,Xiaomi Pad 7 Pro 8GB 256GB ,"Xiaomi Pad 7 Pro là một chiếc máy tính bảng cao cấp có kích thước 251.2 x 173.4 x 6.18 mm, trọng lượng chỉ 500g siêu nhẹ, với thiết kế mặt kính, khung nhôm và mặt lưng nhôm. Máy hỗ trợ bút cảm ứng từ tính, rất tiện lợi cho việc thao tác trên màn hình. Màn hình IPS LCD 11.2 inch (2136 x 3200 pixels), hỗ trợ HDR10, Dolby Vision 144Hz, mang đến trải nghiệm hiển thị mượt mà.",Máy tính bảng,Xiaomi,13740000.0
98510,Samsung Galaxy S25 Plus 512GB,,Điện thoại,Samsung,29490000.0
43191,iPad Pro 11 inch 2022 M2 Wifi 128GB I Chính hãng Apple Việt Nam ,"Mới đây, thế hệ iPad Pro tiếp theo đã được chính thức cho ra mắt - còn được gọi là iPad Pro M4 với nhiều nâng cấp mạnh mẽ. Mua ngay iPad Pro M4 2024 tại CellphoneS!",Máy tính bảng,Apple,23990000.0
110949,TECNO Spark 40 6GB 128GB,">>> Xem thêm mẫu điện thoại Tecno Spark 40 Pro Plus mới, được ra mắt cùng Spark 40 với nhiều điểm nâng cấp đáng kễ về thiết kế, hiệu năng.",Điện thoại,,3490000.0
56073,Samsung Galaxy Tab A9 WIFI 4GB 64GB,"Samsung Galaxy Tab A9 wifi với màn hình kích thước lớn 8.7 inch WXGA+ cùng với thiết kế nhôm nguyên khối cứng cáp siêu mỏng 8mm, trọng lượng nhẹ chỉ 332g. Galaxy Tab A9 wifi với âm thanh Dolby Atmos cùng chip Helio G99 mang lại trải nghiệm dùng ổn định. Mẫu tablet Samsung này cũng hỗ trợ chụp ảnh và gọi video call với camera chính 8MP và camera selfie 2MP.",Máy tính bảng,Samsung,3920000.0
111488,HONOR X7c 8GB 256GB ,,Điện thoại,Hãng khác,5400000.0
83010,OPPO Reno12 5G 12GB 256GB,,Điện thoại,OPPO,12990000.0
100818,iPhone 16e 512GB | Chính hãng VN/A,"iPhone 16e 512GB là phiên bản bộ nhớ trong cao nhất trong dòng điện thoại iPhone 16e vừa được Apple ra mắt vào đầu 2025. iPhone 16e 512GB có thiết kế thời thượng với màn hình OLED 6.1 inch sắc nét, hiệu suất vượt trội từ chip A18 và được hỗ trợ công nghệ NFC mới nhất. Máy trang bị camera đơn 48MP cho chất lượng ảnh chi tiết. Với CPU 6 lõi, iPhone 16e đảm bảo tốc độ xử lý mượt mà và tối ưu hóa năng lượng. Thiết bị chạy iOS 18, hỗ trợ sạc pin 50% trong 30 phút.",Điện thoại,Apple,25990000.0
111972,OPPO A6 Pro 8GB 256GB,,Điện thoại,OPPO,0.0
111552,HONOR 400 5G 12GB 256GB ,,Điện thoại,HONOR,13250000.0
101116,Samsung Galaxy M55 5G 8GB 256GB,,Điện thoại,Samsung,10010000.0
83012,OPPO Reno12 F 5G 8GB 256GB,,Điện thoại,OPPO,9490000.0
112015,Xiaomi Pad Mini 8GB 256GB,,Máy tính bảng,Xiaomi,15990000.0
93386,Điện thoại Meizu Mblu 21 4GB 64GB ,"Điện thoại Meizu MBLU 21 được trang bị con chip xử lý Unisoc Tiger T606. Được sản xuất trên tiến trình 12nm, con chip 8 nhân này của Unisoc có tốc độ xung nhịp đạt tới 1.6GHz để luôn có thể xử lý các tác vụ một cách ổn định.",Điện thoại,Hãng khác,2490000.0
44646,iPad Air 5 10.9 inch (2022) WIFI 256GB I Chính hãng Apple Việt Nam,,Máy tính bảng,Apple,20990000.0
112593,iPhone 17 Pro Max 1TB | Chính hãng,,Điện thoại,Apple,50990000.0
101873,Nothing Phone 3A 8GB 128GB,"Nothing Phone 3A có khả năng vận hành ổn định với bộ xử lý Qualcomm SM7635 Snapdragon 7s Gen 3 và dung lượng pin ấn tượng đến 5000 mAh. Sản phẩm còn có hệ thống 4 camera tiên tiến, hỗ trợ công cụ AI TrueLens 3. Thiết kế sang trọng và khả năng hiển thị trực quan của thiết bị cũng được người dùng đánh giá cao.",Điện thoại,Hãng khác,8990000.0
93648,Máy tính bảng Teclast T50 Plus 6GB 256GB,,Máy tính bảng,Hãng khác,4990000.0
82909,Xiaomi Redmi Pad Pro wifi 8GB 128GB,,Máy tính bảng,Xiaomi,7850000.0
96949,Điện thoại Nubia Z70 Ultra 5G 16GB 512GB bản đặc biệt,,Điện thoại,Nubia,23990000.0
91270,TECNO CAMON 30S 8GB 256GB,,Điện thoại,Hãng khác,5400000.0
104324,Samsung Galaxy Tab S10 FE Wifi 8GB 128GB,"Máy tính bảng Samsung Galaxy Tab S10 FE Wifi sở hữu màn hình 10.9 inch sắc nét, giúp người dùng thoải thích làm việc và giải trí hiệu quả mọi lúc mọi nơi. Bộ xử lý Exynos cao cấp cùng RAM 8GB mang đến hiệu năng đa nhiệm vượt trội, xử lý tác vụ mượt mà. Cùng với đó là các tính năng AI mới, hữu ích cho công việc, giải trí hàng ngày của người dùng.",Máy tính bảng,Samsung,11780000.0
90120,iPhone 16 Pro 1TB | Chính hãng VN/A,"iPhone 16 Pro đã gây ấn tượng với cụm camera tinh tế, nhưng iPhone 17 series với thiết kế hiện đại và tinh giản hơn thực sự là lựa chọn đáng sở hữu. Viền mỏng và hoàn thiện tỉ mỉ cùng hệ thống camera được thiết kế khác biệt hoàn toàn mang đến diện mạo sang trọng.",Điện thoại,Apple,43990000.0
65919,Samsung Galaxy Z Fold 6 12GB 256GB,"Samsung Z Fold 6 sở hữu thiết kế gập đẳng cấp cùng độ mỏng 12.1mm khi gập, 5.6mm khi mở và chỉ nặng 239g gọn nhẹ, linh hoạt cùng khung kim loại nhôm bền bỉ. Máy được tích hợp Snapdragon 8 thế hệ 3 tăng sức mạnh vượt trội. Pin 4400mAh cho trải nghiệm ấn tượng đến 12 giờ. Camera gồm 3 ống kính, quay phim đến chuẩn 8K quay chụp chuyên nghiệp hơn",Điện thoại,Samsung,43990000.0
87242,Nubia Music NFC 4GB 128GB (Bản đặc biệt),,Điện thoại,Hãng khác,2490000.0
72748,Samsung Galaxy S24 Ultra 12GB 512GB,"Đầu năm 2025, Samsung sẽ chính thức giới thiệu S25 Ultra với màn hình nâng cấp từ 6,8 inch lên 6,9 inch. Tìm hiểu ngay ngoài kích thước màn hình thì S25 Ultra còn có gì mới, giá bao nhiêu khi về thị trường Việt Nam tại CellphoneS.",Điện thoại,Samsung,36810000.0
112592,iPhone 17 Pro Max 512GB | Chính hãng,,Điện thoại,Apple,44490000.0
112185,Samsung Galaxy S25 FE 8GB 512GB,,Điện thoại,Samsung,21990000.0
111553,HONOR 400 Lite 5G 12GB 256GB,,Điện thoại,Hãng khác,8830000.0
94091,MacBook Pro 14 M4 Pro 12CPU 16GPU 24GB 512GB | Chính hãng Apple Việt Nam,,Laptop,Apple,49990000.0
104478,Xiaomi POCO C71 4GB 128GB,"Xiaomi POCO C71 trang bị chip xử lý 8 nhân Unisoc T7250 kèm theo dung lượng RAM 4GB chuẩn LPDDR4X, bộ nhớ trong eMMC 5.1 rộng 128GB. Bên cạnh đó, màn hình HD+ 6.88 inch của máy còn đạt tốc độ quét 120Hz. Ngoài ra, mẫu điện thoại POCO này được tích hợp pin dung lượng 5200mAh, cho thời lượng lâu dài.",Điện thoại,Xiaomi,3150000.0
77351,iPad Air 6 M2 11 inch Wifi 128GB | Chính hãng Apple Việt Nam,iPad Air 6 sở hữu màn hình Retina 11 inch với công nghệ IPS cùng dải màu P3 hỗ trợ hiển thị hình ảnh sống động. iPad với màn hình độ sáng cao tới 500 nits cùng với lớp phủ oleophobia chống dấu vân tay vượt trội. Cùng với đó iPad Air 6 M2 2024 này hoạt động trên con chip Apple M2 cùng dung lượng RAM 8GB.,Máy tính bảng,Apple,16990000.0
67372,Xiaomi Redmi Pad SE Wifi (6GB 128GB),"Máy tính bảng Xiaomi Redmi Pad SE sở hữu màn hình LCD 11 inch với tần số quét 90hz cùng chứng nhận bảo vệ mắt TÜV Rheinland ánh sáng xanh thấp và không nhấp nháy. Cùng với đó, tablet còn được trang bị loa Dolby Atmos âm thanh nổi giúp mang lại trải nghiệm âm thanh ấn tượng. Máy với ba lựa chọn màu sắc là xanh bạc hà, tím Lavender và xám khoáng thạch.",Máy tính bảng,Xiaomi,5400000.0
112594,iPhone 17 Pro Max 2TB | Chính hãng,,Điện thoại,Apple,63990000.0
93649,Samsung Galaxy A16 LTE 4GB 128GB,"Samsung Galaxy A16 4G (LTE) là chiếc smartphone giá rẻ sở hữu màn hình Super AMOLED 6.7 inch, độ phân giải FHD+, đạt chuẩn kháng bụi chuẩn IP54. Máy trang bị chip Helio G99 8 nhân, RAM 4GB và ROM 128GB, viên pin lớn 5000mAh. Về khả năng chụp ảnh, Galaxy A16 4G sở hữu hệ thống camera sau 50MP + 5MP + 2MP, ống kính selfie 13MP, hỗ trợ sạc nhanh 25W.",Điện thoại,Samsung,5000000.0
104326,Samsung Galaxy Tab S10 FE Wifi 12GB 256GB ,,Máy tính bảng,Samsung,13740000.0
102243,Nubia V70 Design 8GB 128GB,,Điện thoại,Hãng khác,2790000.0
96373,TECNO SPARK 30 Pro 8GB 256GB Transformer - Chỉ có tại CellphoneS,,Điện thoại,Hãng khác,5200000.0
82082,Xiaomi Redmi 14C 4GB 128GB,"Xiaomi Redmi 14C  sở hữu vi xử lý MediaTek Helio G81-Ultra mạnh mẽ, giúp xử lý mượt mà các tác vụ hàng ngày và chơi game ổn định. Với màn hình 6.88 inch độ phân giải Full HD+, Redmi 14C mang lại trải nghiệm hình ảnh rõ nét và sống động. Đặc biệt, máy còn sở hữu dung lượng pin lớn 5160mAh đảm bảo thời gian sử dụng dài lâu, kết hợp với khả năng sạc nhanh, đem lại sự tiện lợi và liền mạch.",Điện thoại,Xiaomi,3240000.0
111557,TECNO Spark 40 8GB 256GB,">>> Xem thêm mẫu điện thoại Tecno Spark 40 Pro Plus mới, được ra mắt cùng Spark 40 với nhiều điểm nâng cấp đáng kễ về thiết kế, hiệu năng.",Điện thoại,Tecno,4190000.0
80611,Máy tính bảng Huawei MatePad (Papermatte) 11.5 inch 2025 8GB 256GB - Kèm bàn phím,"Huawei Matepad 11.5 hỗ trợ hiển thị hình ảnh chất lượng cao với độ phân giải 2200 x 1440 pixel trên màn hình TFT LCD 11.5 inches 120Hz. Chipset được tích hợp trên thế hệ Huawei tablet này là KirinT80 sẽ được đi kèm với mức dung lượng RAM 8GB và bộ nhớ trong 256GB, cung cấp khả năng xử lý đa tác vụ siêu mượt mà và lưu trữ rộng rãi. Đặc biệt hơn, sản phẩm máy tính bảng Huawei còn hỗ trợ sử dụng lâu dài trong các tác vụ nặng nhờ sở hữu viên pin dung lượng 7700 mAh.",Máy tính bảng,Huawei,9490000.0
67378,Xiaomi Redmi Note 13 Pro Plus 5G 8GB 256GB,,Điện thoại,Xiaomi,10780000.0
80473,Samsung Galaxy M55 12GB 256GB,"Samsung M55 lsở hữu thiết kế thời thượng với hai tùy chọn màu sắc: Đen Crom và Xanh Platinum, trang bị vi xử lý Snapdragon 7 Gen 1, mang lại hiệu năng vượt trội. Điện thoại sở hữu màn hình Super AMOLED+ với viền siêu mỏng và camera hỗ trợ tính năng Super HDR, mang lại chất lượng hình ảnh sắc nét. Pin 5000mAh cùng khả năng sạc nhanh 45W đảm bảo người dùng sử dụng lâu dài.",Điện thoại,Samsung,10990000.0
103273,"Máy tính bảng Lenovo Idea Tab Pro Wifi 8GB 256GB ZAE40190VN kèm bút, bàn phím",,Máy tính bảng,Lenovo,11990000.0
106783,Xiaomi POCO X7 5G 12GB 512GB,,Điện thoại,Xiaomi,9350000.0
107688,Tecno Pova 7 8GB 256GB,,Điện thoại,Hãng khác,5290000.0
65139,Samsung Galaxy Tab S9 Wifi 12GB 256GB,,Máy tính bảng,Samsung,21600000.0
73651,Xiaomi POCO X6 Pro 5G 8GB 256GB - Chỉ có tại CellphoneS,,Điện thoại,Xiaomi,9790000.0
95960,OPPO Reno13 F 5G 12GB 256GB,,Điện thoại,OPPO,10990000.0
102814,MacBook Air M4 13 inch 2025 10CPU 10GPU 16GB 512GB Sạc 70W | Chính hãng Apple Việt Nam,,Laptop,Apple,32990000.0
55190,iPad Gen 10 10.9 inch 2022 Wifi 256GB I Chính hãng Apple Việt Nam ,,Máy tính bảng,Apple,16990000.0
102242,Nubia V70 Max 6GB 128GB,,Điện thoại,Hãng khác,2590000.0
81813,iPad Pro M4 13 inch Wifi 256GB I Chính hãng Apple Việt Nam,,Máy tính bảng,Apple,37990000.0
105896,ZTE Nubia Z60S Pro 16GB 512GB,,Điện thoại,Hãng khác,13000000.0
79327,"Máy Tính Bảng Lenovo Tab M11 4G (4GB 64GB) ZADB0134VN - Kèm bút, bao da",,Máy tính bảng,Lenovo,5790000.0
111461,HONOR X5b 4GB 64GB ,,Điện thoại,Hãng khác,2160000.0
79335,Máy Tính Bảng Lenovo Tab M11 4G 8GB 128GB ZADB0162VN,,Máy tính bảng,Lenovo,6690000.0
111979,Nubia Pad Pro 12GB 256GB,,Máy tính bảng,Nubia,13990000.0
88446,Itel RS4 8GB 256GB NFC,,Điện thoại,Hãng khác,3990000.0
92982,iPad mini 7 2024 Wifi 256GB | Chính hãng Apple Việt Nam,,Máy tính bảng,Apple,16490000.0
65014,Xiaomi Pad 6 8GB 256GB,,Máy tính bảng,Xiaomi,10490000.0
110950,Samsung Galaxy Tab A11 Wifi 4GB 64GB,,Máy tính bảng,Samsung,3990000.0
111556,Máy tính bảng Teclast 4G T50 PLUS 8GB 256GB,,Máy tính bảng,Hãng khác,4990000.0
101849,MacBook Air M4 15 inch 2025 10CPU 10GPU 16GB 256GB | Chính hãng Apple Việt Nam,,Laptop,Apple,31990000.0
72750,Samsung Galaxy S24 Plus 12GB 512GB,"Năm 2025, Samsung chính thức giới thiệu thế hệ kế nhiệm của S24 Plus là S25 Plus với nhiều cải tiến thiết thực. Cùng CellphoneS tìm hiểu ngay thông số, giá bán Samsung S25 Plus chính hãng tại Việt Nam nhé!",Điện thoại,Samsung,29940000.0
108966,Máy tính bảng Huawei MatePad 11.5 inch 2025 6GB 128GB - Kèm bàn phím,,Máy tính bảng,Huawei,6568000.0
64832,Nubia Neo 8GB 256GB ,,Điện thoại,Hãng khác,4990000.0
108829,OPPO A5i Pro 8GB 128GB,,Điện thoại,OPPO,5490000.0
92993,Nothing Phone 2A 5G 8GB 128GB - Chỉ có tại CellphoneS,"Điện thoại Nothing Phone 2A nổi bật với thiết kế bắt mắt cùng màn hình Flexible AMOLED 6.7 inch phẳng cùng tần số quét 120Hz và độ sáng 1.300 nits. Bên trong, thiết bị được trang bị chip Dimensity 7200 Pro, hệ thống camera kép 50MP cùng viên pin 5000mAh. ",Điện thoại,Hãng khác,8990000.0
111281,Máy tính bảng Huawei MatePad Pro 12.2 2025 12GB 512GB kèm bàn phím,,Máy tính bảng,Huawei,23990000.0
69514,Samsung Galaxy Tab S9 FE Plus WIFI 8GB 128GB,,Máy tính bảng,Samsung,13740000.0
96765,Infinix Hot 50 Pro Plus 8GB 256GB,"Điện thoại Infinix Hot 50 Pro Plus tích hợp chipset xử lý Media Tek Helio G100 kèm GPU đồ họa Mail-G57 kết hợp RAM 8GB và bộ nhớ trong lên đến 256GB. Hơn thế nữa, chiếc smartphone này còn nổi bật qua thiết kế cong 3D độc đáo với màn hình AMOLED 120Hz. Ngoài ra, dung lượng pin của điện thoại 5000mAh cộng thêm sạc nhanh 33W cho cả ngày dài sử dụng.",Điện thoại,Hãng khác,4990000.0
92987,iPad mini 7 2024 5G 128GB | Chính hãng Apple Việt Nam,,Máy tính bảng,Apple,17990000.0
23604,Samsung Galaxy Tab S6 Lite 2024,"Samsung Tab S6 Lite mới 2024 sở hữu màn hình 10,4 inch đi cùng tấm nền IPS LCD 16 triệu màu sắc nét. Máy tính bảng chạy trên con chip Exynos 1280 được sản xuất trên tiến trình 5nm cùng viên pin dung lượng 7040 mAh. Tab S6 Lite còn sở hữu camera với ống kính chính 8MP và ống kính selfie 5MP.",Máy tính bảng,Samsung,7360000.0
83041,Sony Xperia 1VI 12GB 256GB,"Sony Xperia 1 VI 12GB 256GB là flagship mới của nhà Sony với chipset Snapdragon 8 Gen 3 tiến trình 4nm, bộ nhớ RAM 12GB và dung lượng lưu trữ 256GB. Màn hình 6.5 inch chất lượng FHD+, tần số quét 120Hz cùng tấm nền OLED chất lượng. Camera chính 48MP với cảm biến Exmor T cùng camera selfie 12mP. Pin lớn tới 5000mAh và 30W công nghệ sạc nhanh Qi cho trải nghiệm thú vị.",Điện thoại,Hãng khác,32990000.0
59734,OPPO Find N3 16GB 512GB,,Điện thoại,OPPO,44990000.0
62717,OPPO A18 4GB 128GB,"OPPO A18 là chiếc điện thoại giá rẻ, cấu hình ổn với chip Mediatek Helio G85, có tiến trình đến 12nm, dung lượng RAM 4GB và bộ nhớ trong 128GB. Máy có trang bị màn hình 6.56 inches cùng viên pin 5000mAh. Bộ 2 camera sau 8MP và camera 2MP cùng camera selfie 5MP, cho chất lượng chụp ảnh sắc nét.",Điện thoại,OPPO,3990000.0
99776,TECNO CAMON 40 Pro 8GB 256GB,,Điện thoại,Hãng khác,6870000.0
93961,Mac mini M4 2024 10CPU 10GPU 24GB 512GB | Chính hãng Apple Việt Nam,,Laptop,Apple,24990000.0
53269,Samsung Galaxy A35 5G 8GB 128GB,"Samsung Galaxy A35 là một lựa chọn đáng chú ý trong phân khúc điện thoại tầm trung, nổi bật với màn hình Super AMOLED 6.6 inch tần số quét 120Hz mượt mà. Điện thoại được trang bị camera chính 50MP hỗ trợ OIS, mang lại khả năng chụp ảnh ổn định và chi tiết. Sức mạnh xử lý và hiệu năng tốt của máy đến từ con chip Exynos 1380 kết hợp cùng RAM 8GB.",Điện thoại,Samsung,8290000.0
101844,MacBook Air M4 13 inch 2025 10CPU 10GPU 24GB 512GB | Chính hãng Apple Việt Nam,,Laptop,Apple,36990000.0
93960,Mac mini M4 2024 10CPU 10GPU 16GB 512GB | Chính hãng Apple Việt Nam,,Laptop,Apple,19990000.0
83931,OPPO A58 8GB 128GB,,Điện thoại,OPPO,5490000.0
102819,MacBook Air M4 13 inch 2025 10CPU 10GPU 24GB 512GB Sạc 70W | Chính hãng Apple Việt Nam,,Laptop,Apple,37990000.0
101624,iPad A16 5G 128GB 2025 | Chính hãng Apple Việt Nam,"iPad A16 11 inch 5G  sở hữu màn hình Liquid Retina 11 inch với độ phân giải 2360x1640 pixel, mang đến trải nghiệm hiển thị sắc nét, màu sắc chân thực. Chip Apple A16 cùng CPU 5 lõi và Neural Engine 16 lõi giúp tăng hiệu suất xử lý, hỗ trợ tác vụ mượt mà. Cùng với đó mẫu iPad A16 này còn sở hữu viên pin 28.93Wh, hỗ trợ vận hành suốt nhiều giờ liền.",Máy tính bảng,Apple,13990000.0
72211,OPPO A79 5G 8GB 256GB,"OPPO A79 5G cung cấp trải nghiệm hình ảnh sắc nét tới từng chi tiết nhờ sở hữu màn hình hiển thị LCD 6.72 inch Full HD+ cùng tần số quét 90Hz hiện đại. Sức mạnh bên trong của máy đến từ chipset Dimensity 6020, 8GB RAM và bộ nhớ 256GB, hỗ trợ đáp ứng được mượt mà hầu hết các yêu cầu sử dụng hàng ngày. Ngoài ra, thế hệ OPPO smartphone này còn đi kèm với cảm biến camera 50MP hiện đại cùng viên pin 5,000 mAh và hỗ trợ sạc nhanh 33W, đảm bảo nâng cấp vượt trội trải nghiệm quay chụp và thời lượng sử dụng.",Điện thoại,OPPO,7490000.0
94090,MacBook Pro 14 M4 10CPU 10GPU 24GB 1TB | Chính hãng Apple Việt Nam,,Laptop,Apple,49990000.0
108833,OPPO A5i 4GB 128GB,,Điện thoại,OPPO,3690000.0
109444,Máy tính bảng Lenovo Idea Tab Wifi 8GB 256GB ZAFR0402VN kèm bút,,Máy tính bảng,Lenovo,7390000.0
109158,TECNO Spark Go 2 4GB 64GB,"Điện thoại Tecno Spark Go 2 sở hữu chip Unisoc T7250, RAM 4GB, bộ nhớ trong 64GB và có thể mở rộng dung lượng nhờ khe cắm thẻ nhớ microSDXC tiện lợi. Máy trang bị màn hình 6.67 inch, độ phân giải HD+ và tần số quét 120Hz cho trải nghiệm mượt mà. Camera chính 13MP kèm đèn flash LED kép, với camera trước 8MP đáp ứng nhu cầu chụp ảnh. ",Điện thoại,Tecno,2590000.0
94099,MacBook Pro 16 M4 Max 16CPU 40GPU 48GB 1TB | Chính hãng Apple Việt Nam,,Laptop,Apple,102490000.0
101613,iPad Air 11 inch M3 Wifi 512GB 2025 | Chính hãng Apple Việt Nam,,Máy tính bảng,Apple,24990000.0
109231,Máy tính bảng Lenovo Idea Tab 5G 8GB 256GB ZAFM0711VN kèm bút,,Máy tính bảng,Lenovo,8190000.0
78059,MacBook Air M3 13 inch 2024 8GB - 256GB | Chính hãng Apple Việt Nam,,Laptop,Apple,27990000.0
96195,MacBook Pro 14 M4 10CPU 10GPU 24GB 512GB | Chính hãng Apple Việt Nam,,Laptop,Apple,44990000.0
59736,OPPO Find N3 Flip 12GB 256GB,,Điện thoại,OPPO,22990000.0
87790,Xiaomi Redmi Pad SE 4G 8.7 inch 2024 (6GB 128GB),,Máy tính bảng,Xiaomi,5400000.0
81819,iPad Pro M4 11 inch Wifi 512GB | Chính hãng Apple Việt Nam,,Máy tính bảng,Apple,34490000.0
101856,MacBook Air M4 15 inch 2025 10CPU 10GPU 16GB 512GB | Chính hãng Apple Việt Nam,,Laptop,Apple,36990000.0
106530,Nothing Phone 3A 12GB 256GB,,Điện thoại,Hãng khác,10190000.0
42337,OPPO Find X5 Pro 5G 12GB 256GB ,,Điện thoại,OPPO,15990000.0
93647,Máy tính bảng Teclast P30 4GB 64GB,,Máy tính bảng,Hãng khác,2490000.0
55753,OPPO A58 4G 6GB 128GB,"OPPO A58 có những thiết kế nổi bật ngoài sự mong đợi. OPPO A58 sở hữu cấu hình ấn tượng với chip Dimensity 700 và khả năng đa nhiệm của RAM 6GB, bộ nhớ trong 128GB. Chưa dừng ở đó, OPPO A58 còn đang được hy vọng sẽ trang bị viên pin 5.000 mAh cùng màn hình 6.72 inch LCD sẽ mang đến những trải nghiệm đặc biệt.",Điện thoại,OPPO,4990000.0
72337,TECNO CAMON 30 8GB 256GB,,Điện thoại,Hãng khác,6380000.0
103058,Điện thoại Itel P55 Plus NFC 8GB 256GB,,Điện thoại,Hãng khác,3490000.0
106781,Huawei MatePad SE 11 inch 4GB 128GB,,Máy tính bảng,Huawei,4490000.0
112271,Samsung Galaxy Tab S11 Wifi 12GB 256GB,,Máy tính bảng,,22990000.0
90682,realme 13+ 5G 8GB 256GB,,Điện thoại,Realme,9490000.0
111276,MacBook Pro 14 M4 10CPU 10GPU 16GB 512GB Sạc 96W | Chính hãng Apple Việt Nam,,Laptop,Apple,39760000.0
110951,Samsung Galaxy Tab S11 Ultra 5G 12GB 256GB,,Máy tính bảng,,34990000.0
92986,iPad mini 7 2024 5G 256GB | Chính hãng Apple Việt Nam,,Máy tính bảng,Apple,20490000.0
101628,iPad A16 5G 256GB 2025 | Chính hãng Apple Việt Nam,,Máy tính bảng,Apple,16490000.0
93962,Mac mini M4 Pro 2024 12CPU 16GPU 24GB 512GB | Chính hãng Apple Việt Nam,,Laptop,Apple,34990000.0
87795,Xiaomi Redmi Pad SE Wifi 8.7 inch 2024 (4GB 128GB),"Redmi Pad SE 8.7 inch Wifi là chiếc máy tính bảng mới từ Xiaomi, trang bị vi xử lý MediaTek Helio G85 được sản xuất trên tiến trình 12nm cùng GPU Mali-G52 MC2. Sản phẩm này còn được trang bị màn hình LCD 8.7 inch với độ phân giải 1340 x 800 px rõ nét, đi cùng viên pin dung lượng lớn 6.650mAh với sạc nhanh 18W. Cùng với đó, redmi Pad SE 8.7"" cũng cho khả năng chụp hình ổn với camera chính 8MP, ống kính selfie 5MP.",Máy tính bảng,Xiaomi,3920000.0
101623,iPad Air 13 inch M3 Wifi 128GB 2025 | Chính hãng Apple Việt Nam,,Máy tính bảng,Apple,22490000.0
85820,OPPO A18 4GB 64GB,,Điện thoại,OPPO,3290000.0
42898,Xiaomi Redmi Note 11 128GB,,Điện thoại,Xiaomi,4990000.0
99862,TECNO CAMON 40 8GB 128GB,,Điện thoại,Hãng khác,5890000.0
111764,HONOR 400 5G 12GB 512GB ,,Điện thoại,Hãng khác,14230000.0
87123,OPPO A3 8GB 256GB,,Điện thoại,OPPO,6490000.0
100190,Samsung Galaxy Tab S10 FE 5G 8GB 128GB,"Máy tính bảng Samsung Galaxy Tab S10 FE 5G được trang bị vi xử lý Exynos 1580 với cấu trúc 8 nhân, RAM 8GB, bộ nhớ trong 128GB và hỗ trợ thẻ nhớ ngoài lên đến 2TB. Thiết bị sở hữu màn hình 10.9 inch với độ phân giải WUXGA cùng tần số 90Hz. Bên cạnh đó là viên pin 8000mAh kèm sạc nhanh 45W. Máy trang bị camera sau 13MP và camera trước 12MP, đi kèm bút S Pen và hỗ trợ kết nối bàn phím rời.",Máy tính bảng,Samsung,14720000.0
111482,HONOR X6c 6GB 128GB ,,Điện thoại,Hãng khác,4290000.0
101352,Mac mini M4 2024 10CPU 10GPU 24GB 256GB | Chính hãng Apple Việt Nam,,Laptop,Apple,19990000.0
93817,Nothing Phone 2A 5G 12GB 256GB - Chỉ có tại CellphoneS,,Điện thoại,Hãng khác,10190000.0
101615,iPad Air 11 inch M3 Wifi 1TB 2025 | Chính hãng Apple Việt Nam,,Máy tính bảng,Apple,30490000.0
93387,Điện thoại Meizu Mblu 21 6GB 128GB ,,Điện thoại,Hãng khác,2990000.0
102241,Nubia V70 Max 4GB 128GB,,Điện thoại,Hãng khác,2390000.0
58610,OPPO Reno10 5G 8GB 256GB,,Điện thoại,OPPO,10990000.0
101617,iPad Air 11 inch M3 5G 256GB 2025 | Chính hãng Apple Việt Nam,,Máy tính bảng,Apple,23490000.0
85247,OPPO A3 6GB 128GB,,Điện thoại,OPPO,4990000.0
81830,iPad Air 6 M2 13 inch 5G 128GB I Chính hãng Apple Việt Nam,,Máy tính bảng,Apple,26490000.0
106790,Điện thoại Nubia A36 4GB 64GB,,Điện thoại,Hãng khác,1990000.0
102655,MacBook Air M4 15 inch 2025 10CPU 10GPU 16GB 256GB Sạc 70W | Chính hãng Apple Việt Nam,,Laptop,Apple,32990000.0
107053,OPPO A3X 6GB 128GB  ,,Điện thoại,OPPO,4690000.0
102661,MacBook Air M4 15 inch 2025 10CPU 10GPU 16GB 512GB Sạc 70W | Chính hãng Apple Việt Nam,"Apple MacBook Air 15 M4 10CPU 10GPU 16GB 512GB 2025 sạc 70W có CPU 10 lõi với 4 lõi hiệu năng, 6 lõi tiết kiệm điện, GPU 10 lõi và Neural Engine 16 lõi. Máy được trang bị màn hình Liquid Retina 15,3 inch với độ phân giải 2880 x 1864 pixel và hỗ trợ công nghệ True Tone. Thiết bị đi kèm kết nối chuẩn Wi-Fi 6E, Bluetooth 5.3 và hỗ trợ sạc nhanh với bộ sạc 70W.",Laptop,Apple,37990000.0
107690,Infinix Note 50 Pro 12GB 256GB,,Điện thoại,Hãng khác,6860000.0
113344,Samsung Galaxy Tab A11 4GB 64GB,,Máy tính bảng,Samsung,5490000.0
25217,Samsung Galaxy Note 20 Ultra 5G 256GB,,Điện thoại,Samsung,32990000.0
112583,iPhone 17 512GB | Chính hãng,,Điện thoại,Apple,31490000.0
42973,Samsung Galaxy S22 Ultra 12GB  256GB đã kích hoạt online - Chỉ có tại CellphoneS,,Điện thoại,Samsung,33990000.0
104331,Samsung Galaxy Tab S10 FE Plus Wifi 12GB 256GB,,Máy tính bảng,Samsung,17670000.0
72334,TECNO POVA 6 8GB 256GB,"Tecno Pova 6 sở hữu cấu hình mạnh mẽ với con chip 8 nhân MediaTek G99 Ultimate, dung lượng RAM 8GB, bộ nhớ 256GB và viên pin đến 6000mAh cùng sạc nhanh 70W. Chiếc smartphone cũng đi kèm với màn hình AMOLED Dot-in Display với kích thước đạt 6.78 inch. Ở mặt lưng của thiết bị là hệ thống camera với ống kính chính 108MP.",Điện thoại,Hãng khác,6490000.0
104329,Samsung Galaxy Tab S10 FE 5G 12GB 256GB,,Máy tính bảng,Samsung,16690000.0
57233,Samsung Galaxy Tab S9 Wifi 8GB 128GB,Samsung Galaxy Tab S9 Wifi sở hữu màn hình kích thước 11 inch Dynamic AMOLED 2X cùng tần số quét 120Hz mang lại trải nghiệm hình ảnh mượt mà và ổn định. Cấu hình máy tính bảng Samsung mới này cũng mạnh mẽ với con chip Snapdragon® 8 Gen 2 cùng với đó là sự hỗ trợ của bút Spen thế hệ mới tiện lợi. Máy còn ấn tượng với khả năng kháng nước và bụi bẩn IP68 cùng camera độ phân giải cao.,Máy tính bảng,Samsung,19630000.0
110984,Điện thoại trẻ em Masstel Alpha 5,,Điện thoại,,1390000.0
111616,MacBook Pro 14 M4 Pro 12CPU 16GPU 24GB 512GB Sạc 96W | Chính hãng Apple Việt Nam,,Laptop,Apple,49580000.0
98130,Itel RS4 12GB 256GB NFC,,Điện thoại,Hãng khác,4590000.0
101630,iPad Air 13 inch M3 Wifi 256GB 2025 | Chính hãng Apple Việt Nam,,Máy tính bảng,Apple,24990000.0
93850,iMac M4 2024 24 inch 8CPU 8GPU 16GB 256GB | Chính hãng Apple Việt Nam,,Laptop,Apple,34990000.0
35033, Xiaomi 11T,"Có thể bạn sẽ quan tâm: Quý IV 2022, Xiaomi cũng ra mắt phiên bản Xiaomi Mi 12T với rất nhiều tính năng cũng như áp dụng công nghệ hoàn toán mới!",Điện thoại,Xiaomi,10990000.0
100191,Samsung Galaxy Tab S10 FE Plus Wifi 8GB 128GB,"Samsung GalaxyTab S10 FE Plus Wifi với thiết kế để màn hình lớn 13.1 inch và con chip Exynos 1580 thế hệ mới, mang lại trải nghiệm sử dụng linh hoạt và hiệu quả. Hệ thống camera 13MP giúp chụp những bức ảnh sắc nét trong nhiều điều kiện. Ngoài ra, viên pin lớn cùng sạc nhanh chính là điểm cộng lớn của S10 FE Plus.",Máy tính bảng,Samsung,15700000.0
112590,iPhone 17 Pro 1TB | Chính hãng,"iPhone 17 Pro 1TB sở hữu dung lượng lưu trữ lớn, màn hình Super Retina XDR 6.3 inch và chip A19 Pro mạnh mẽ, mang đến trải nghiệm mượt mà cho người dùng chuyên nghiệp. Với công nghệ ProMotion tần số quét 120Hz, máy đem tới chất lượng hiển thị mượt mà. Trọng lượng 204g kết hợp với thiết kế nguyên khối bằng nhôm giúp thiết bị bền chắc, cầm nắm đầm tay nhưng vẫn giữ được sự nhẹ nhàng khi sử dụng.",Điện thoại,Apple,47990000.0
95111,MacBook Air M3 15 inch 2024 8CPU 10GPU 24GB 512GB Sạc 35W | Chính hãng Apple Việt Nam,,Laptop,Apple,42990000.0
91269,TECNO SPARK 30 5G 6GB 128GB,"Tecno Spark 30 5G chính hãng ra mắt Việt Nam tháng 03/2025, đánh dấu bước tiến quan trọng của Tecno trong việc đưa các sản phẩm 5G đến tay người tiêu dùng với mức giá hợp lý. ",Điện thoại,Hãng khác,4410000.0
84612,Samsung Galaxy Z Fold6 12GB 512GB,"Xem thêm mẫu Fold7 mới sắp được lên kệ với nhiều ưu đãi hấp dẫn, nhiều quà tặng hấp dẫn khi đặt mua sản phẩm.",Điện thoại,Samsung,47990000.0
62004,Mac mini M2 2023 (8 CPU - 10 GPU - 16GB - 512GB) | Chính hãng Apple Việt Nam,,Laptop,Apple,27990000.0
81822,iPad Pro M4 11 inch 5G 256GB | Chính hãng Apple Việt Nam,,Máy tính bảng,Apple,34490000.0
70181,Samsung Galaxy Tab S9 FE Plus WIFI 12GB 256GB - Chỉ có tại CellphoneS,,Máy tính bảng,Samsung,15700000.0
18071,Nokia 220 4G,,Điện thoại,Nokia,980000.0
97391,Itel RS4 8GB 128GB NFC,,Điện thoại,Hãng khác,3990000.0
81837,iPad Pro M4 13 inch 5G 256GB I Chính hãng Apple Việt Nam,,Máy tính bảng,Apple,43490000.0
110952,Samsung Galaxy Tab S11 5G 12GB 128GB,,Máy tính bảng,,23990000.0
101616,iPad Air 11 inch M3 5G 128GB 2025 | Chính hãng Apple Việt Nam,,Máy tính bảng,Apple,20990000.0
89107,realme C65s 8GB 256GB,,Điện thoại,Realme,5290000.0
109160,Samsung Galaxy A17 8GB 128GB,,Điện thoại,Samsung,5190000.0
72751,Samsung Galaxy S24 8GB 512GB,"Năm 2025, thế hệ kế nhiệm của Galaxy S24 là Galaxy S25 sẽ chính thức được ra mắt vào ngày 23/1/2025. Vậy cụ thể dòng sản phẩm Samsung S25 sẽ được thay đổi những gì, thiết kế và giá bán bao nhiêu? Cập nhật ngay để không bỏ lỡ những ưu đãi hấp dẫn khi mua S25 giá rẻ tại CellphoneS.",Điện thoại,Samsung,26490000.0
86542,realme C61 6GB 128GB,,Điện thoại,Realme,3990000.0
94094,MacBook Pro 16 M4 Pro 14CPU 20GPU 24GB 512GB | Chính hãng Apple Việt Nam,,Laptop,Apple,64990000.0
96374,TECNO CAMON 40 8GB 256GB,,Điện thoại,Hãng khác,6380000.0
65140,Samsung Galaxy Tab S9 5G 12GB 256GB,,Máy tính bảng,Samsung,24540000.0
82915,Nokia 3210 4G ,,Điện thoại,Nokia,1490000.0
101867,Apple Mac Studio M4 Max 2025 14CPU 32GPU 36GB 512GB | Chính hãng Apple Việt Nam,,Laptop,Apple,57990000.0
113105,Nubia Pad Pro 16GB 512GB,,Máy tính bảng,Nubia,17990000.0
103184,Máy tính bảng Teclast M50 Plus 4G 6GB 128GB,,Máy tính bảng,Hãng khác,2990000.0
112265,Samsung Galaxy Tab S11 Ultra 5G 16GB 1TB,,Máy tính bảng,Samsung,40990000.0
65136,Nokia 105 4G Pro,,Điện thoại,Nokia,690000.0
84402,iPad Pro M4 13 inch Wifi 2TB Nano I Chính hãng Apple Việt Nam,,Máy tính bảng,Apple,68990000.0
104699,Máy tính bảng Lenovo Tab 4G 4GB 64GB ZAEJ0139VN kèm bao da,,Máy tính bảng,Lenovo,4190000.0
86450,Nubia V60 Design 6GB 256GB,,Điện thoại,Hãng khác,3290000.0
88343,Samsung Galaxy Tab S10 Ultra 5G 12GB 256GB,"Samsung Galaxy Tab S10 Ultra 5G sở hữu màn hình 14.6 inch cùng thiết kế trendy hợp xu hướng với khung viền nhôm sang trọng. Máy được trang bị chip MediaTek Dimensity 9300+ mạnh mẽ với RAM 12GB cùng bộ nhớ 256GB thỏa sức lưu trữ. Tablet hỗ trợ bút S-Pen cũng như có thể kết nối với bàn phím hỗ trợ tối ưu cho công việc. Ngoài ra với viên pin 11.200mAh, bạn có thể tự tin sử dụng máy cả ngày, nạp pin siêu tốc với công suất 45W không lo gián đoạn công việc, giải trí.",Máy tính bảng,Samsung,33380000.0
101869,Apple Mac Studio M3 Ultra 2025 28CPU 60GPU 96GB 1TB | Chính hãng Apple Việt Nam,,Laptop,Apple,115990000.0
107689,Infinix Note 50 8GB 256GB,,Điện thoại,Hãng khác,5890000.0
88341,Samsung Galaxy Tab S10 Plus Wifi 12GB 256GB,Máy tính bảng Samsung Galaxy Tab S10 Plus Wifi sử dụng con chip MediaTek Dimensity 9300+ kết hợp với GPU ARM Immortalis G720 cho hiệu năng vượt trội. Sản phẩm sử dụng RAM dung lượng 12GB kết hợp với bộ nhớ trong 256GB cho khả năng đa nhiệm và lưu trữ đáng tin cậy. Màn hình Dynamic AMOLED 2X 12.4 inch cung cấp chất lượng hiển thị chi tiết với màu sắc rực rỡ. ,Máy tính bảng,Samsung,25520000.0
96012,iMac M4 2024 24 inch 10CPU 10GPU 24GB 512GB | Chính hãng Apple Việt Nam,,Laptop,Apple,49990000.0
112587,iPhone Air 1TB | Chính hãng,"Apple iPhone Air 1TB được trang bị bộ nhớ 1TB lưu trữ thoải mái, màn hình 6.5 inch cùng công nghệ ProMotion với tần số làm mới 120Hz cho khả năng hiển thị và chuyển động mượt mà. Được thiết kế với bộ sưu tập màu sắc đa dạng cùng thiết kế khung titan bền bỉ cũng như nút tác vụ điều khiển tiện lợi. iPhone Air dung lượng 1TB trang bị chip A19 Pro mang lại hiệu năng mạnh mẽ, nhanh hơn 40% so với iPhone 14 Pro.",Điện thoại,Apple,44990000.0
79120,realme C61 4GB 128GB,,Điện thoại,Realme,3590000.0
82889,TECNO CAMON 30 12GB 256GB,,Điện thoại,Hãng khác,6870000.0
108961,Máy tính bảng Teclast Wifi P30 4GB 128GB,,Máy tính bảng,Hãng khác,2790000.0
102184,vivo Y04 4GB 64GB,,Điện thoại,Vivo,2990000.0
112267,Samsung Galaxy Tab S11 5G 12GB 256GB,,Máy tính bảng,,25990000.0
81841,iPad Pro M4 13 inch 5G 2TB I Chính hãng Apple Việt Nam,,Máy tính bảng,Apple,71990000.0
99940,Máy đọc sách New Kindle Gen 11 2024 16GB (Bản không quảng cáo),,Máy tính bảng,Kindle,4990000.0
42696,Máy tính bảng Lenovo Tab P11 Plus Wifi 4GB 64GB ZA9L0163VN,,Máy tính bảng,Lenovo,8190000.0
81823,iPad Pro M4 11 inch 5G 512GB | Chính hãng Apple Việt Nam,,Máy tính bảng,Apple,39990000.0
69513,Samsung Galaxy Tab S9 FE WIFI 6GB 128GB,"Samsung Galaxy Tab S9 Wifi sử dụng màn hình IPS LCD, chống nước/bụi IP68 và sở hữu hiệu năng ổn định nhờ con chip Exynos 1380 và bộ nhớ RAM 6GB. Chiếc tablet Samsung Tab S9 này còn được trang bị viên pin 8000 mAh và hỗ trợ sạc nhanh 15W. Ngoài ra, máy tích hợp bút S-Pen giúp bạn tạo ra các tác phẩm nghệ thuật độc đáo.",Máy tính bảng,Samsung,9990000.0
94095,MacBook Pro 16 M4 Pro 14CPU 20GPU 48GB 512GB | Chính hãng Apple Việt Nam,,Laptop,Apple,74990000.0
112585,iPhone Air 512GB | Chính hãng,"Apple iPhone Air 512GB sở hữu thiết kế siêu mỏng 5,64 mm ấn tượng, dung lượng bộ nhớ 512GB thoải mái lưu trữ dữ liệu. Kết hợp cùng màn hình OLED 6.5 inch sắc nét, tần số quét 120Hz cho trải nghiệm mượt mà trọn vẹn. Máy trang bị chip A19 Pro mang đến hiệu năng mạnh mẽ, ổn định. Camera sau 48MP sắc nét cho từng chi tiết rõ ràng, mang đến những bức ảnh sống động và chân thực.",Điện thoại,Apple,38490000.0
81817,iPad Air 6 M2 11 inch 5G 512GB | Chính hãng Apple Việt Nam,,Máy tính bảng,Apple,28990000.0
88459,realme Note 60 4GB 64GB,"Điện thoại realme Note 60  nổi bật với màn hình IPS LCD 6,74 inch 90Hz, mang đến trải nghiệm hiển thị mượt mà và rõ nét ngay cả dưới ánh sáng mạnh. Hiệu năng của điện thoại realme được hỗ trợ bởi chipset Unisoc Tiger T612 với tốc độ 1.8GHz, đảm bảo khả năng xử lý tốt các tác vụ cơ bản, giúp bạn thực hiện công việc hàng ngày mà không bị gián đoạn. Ngoài ra, realme Note 60 còn sở hữu viên pin 5000mAh kết hợp với công nghệ sạc 10W, giúp duy trì thời lượng sử dụng lâu dài và tiết kiệm thời gian sạc tối ưu.",Điện thoại,Realme,3090000.0
90306,Masstel izi 16 4G,"Masstel IZI 16 4G sở hữu màn hình 1.77 inch cùng phần khung và mặt lưng được chế tác từ chất liệu nhựa bền bỉ với phím bấm chắc chắn. Sản phẩm điện thoại Masstel mới này còn có viên pin 1000mAh và bộ nhớ trong có khả năng lưu trữ đến hai nghìn số. Đi kèm theo đó là các tính năng như nghe đài FM, đèn pin, ghi âm,...",Điện thoại,Hãng khác,450000.0
106792,Điện thoại Nubia A56 4GB 128GB,,Điện thoại,Nubia,2290000.0
98612,MacBook Pro 14 M4 10CPU 10GPU 16GB 512GB Nano Sạc 70W | Chính hãng Apple Việt Nam,,Laptop,Apple,43790000.0
100192,Máy Tính Bảng Lenovo Tab Wifi 4GB 64GB ZAEH0147VN - Kèm bao da,,Máy tính bảng,Lenovo,3490000.0
100044,Máy đọc sách Kindle Paperwhite 6 16GB (Bản không quảng cáo),,Máy tính bảng,Kindle,6490000.0
110905,Masstel izi T5 plus 4G,,Điện thoại,,530000.0
88340,Samsung Galaxy Tab S10 Ultra 5G 16GB 1TB,,Máy tính bảng,Samsung,39270000.0
79802,Benco S1 Pro 8GB 256GB,"Benco S1 Pro đem tới trải nghiệm hiển thị siêu nét trên màn hình 6.8 inches độ phân giải cao cùng khả năng quay chụp rõ nét với cụm camera 64MP. Nhờ sở hữu chipset Unisoc T616 và GPU Mali-G57, Benco S1 Pro hứa hẹn cung cấp khả năng xử lý ổn định, chất lượng đồ hoạ mượt mà, mạnh mẽ. Ngoài ra, ấn phẩm điện thoại Benco này còn đảm bảo khả năng đa nhiệm tốt và lưu trữ, ghi nhớ dữ liệu xuất sắc qua hệ số RAM 8GB và 256GB bộ nhớ trong.",Điện thoại,Hãng khác,4290000.0
96372,realme Note 60x 3GB 64GB,,Điện thoại,Realme,2690000.0
64057,Samsung Galaxy Tab S9 Plus Wifi 12GB 256GB,"Samsung Galaxy Tab S9 Plus Wifi hứa hẹn sẽ là dòng máy tính bảng bán chạy nhất trong năm này khi sở hữu các thông số cấu hình vô cùng ấn tượng. Với màn hình Dynamic AMOLED 2x kết hợp cùng chip Snapdragon 8 Gen 2, thiết bị có thể mang đến những trải nghiệm giải trí mượt mà và sống động. ",Máy tính bảng,Samsung,25990000.0
99718,Masstel Tab 10 Edu 4G 3GB 32GB,,Máy tính bảng,Masstel,2490000.0
78051,Masstel izi T2 4G,"Masstel IZI T2 có kích thước 131.4x54x13.8 mm, trọng lượng 114.3g, được trang bị con chip Unisoc T107 hiệu năng vượt trội, xử lý tác vụ nhanh chóng. Bên cạnh đó, sản phẩm điện thoại Masstel này có RAM 48MB, kích thước màn hình 2.4 inch, dung lượng pin 1800 mAh. ",Điện thoại,Hãng khác,500000.0
91445,Viettel T2 4G,,Điện thoại,Hãng khác,550000.0
92949,Máy đọc sách Boox Go 6,,Máy tính bảng,Hãng khác,5490000.0
73771,Itel S23 8GB 256GB,,Điện thoại,Hãng khác,3990000.0
38540,vivo V23e,,Điện thoại,Vivo,8490000.0
92954,Máy đọc sách Boox Go Color 7,,Máy tính bảng,Hãng khác,8590000.0
65918,Masstel Izi 15 4G,"Masstel IZI 15 sở hữu 2 SIM 2 sóng cùng với đó là khả năng lưu danh bạ lên tới 2.000 số và tốc độ kết nối 4G cực nhanh, đặc biệt chế độ HD Call vô cùng ấn tượng. Tất cả những trang bị này giúp mọi trải nghiệm sử dụng của bạn được trở nên mượt mà, sắc nét cũng như đảm bảo được tính ổn định tối ưu. Chắc chắn điện thoại Masstel này sẽ là lựa chọn hoàn hảo cho những ai đang tìm kiếm một chiếc điện thoại phụ cho riêng mình.",Điện thoại,Hãng khác,450000.0
71722,MacBook Pro 14 M3 8GB - 512GB | Chính hãng Apple Việt Nam,,Laptop,Apple,39990000.0
109763,Masstel Fami 8 4G,,Điện thoại,Masstel,570000.0
90676,Itel 9211 4G,,Điện thoại,Hãng khác,490000.0
81075,Máy đọc sách Onyx Boox Palma,,Máy tính bảng,Hãng khác,8390000.0
36068,Xiaomi Redmi 10 (4GB - 64GB),,Điện thoại,Xiaomi,3990000.0
81073,Máy đọc sách Onyx Boox Page,,Máy tính bảng,Hãng khác,7690000.0
88631,Masstel Fami 12S 4G,,Điện thoại,Masstel,650000.0
97063,MacBook Pro 14 M4 Pro 14CPU 20GPU 24GB 512GB Nano | Chính hãng Apple Việt Nam,,Laptop,Apple,58790000.0
